,survived,pclass,sex,age,sibsp,parch,fare,embarked,class,who,adult_male,embark_town,alive,alone
0,0,3,male,-0.5525042627343654,1,0,2.1102132003465894,S,Third,man,True,Southampton,no,False
1,1,1,female,0.5964145197107078,1,0,4.2805931204649,C,First,woman,False,Cherbourg,yes,False
2,1,3,female,-0.2652745671230971,0,0,2.188856327665703,S,Third,woman,False,Southampton,yes,True
3,1,1,female,0.38099224800225656,1,0,3.9908341858524357,S,First,woman,False,Southampton,yes,False
4,0,3,male,0.38099224800225656,0,0,2.2027647577118348,S,Third,man,True,Southampton,no,True
5,0,3,male,-0.22882591345669478,0,0,2.246892662898172,Q,Third,man,True,Queenstown,no,True
6,0,1,male,1.7453333021557809,0,0,3.967694202798607,S,First,man,True,Southampton,no,True
7,0,3,male,-1.9886527407907069,3,1,3.0944457464900235,S,Third,child,False,Southampton,no,False
8,1,3,female,-0.19346714322028,0,2,2.495953738718064,S,Third,woman,False,Southampton,yes,False
9,1,2,female,-1.126963653956902,1,0,3.436268471383741,C,Second,child,False,Cherbourg,yes,False
10,1,3,female,-1.8450378929850726,1,1,2.8735646395797834,S,Third,child,False,Southampton,yes,False
11,1,1,female,2.0325629977670494,0,0,3.3160025355989236,S,First,woman,False,Southampton,yes,True
12,0,3,male,-0.6961191105399995,0,0,2.2027647577118348,S,Third,man,True,Southampton,no,True
13,0,3,male,0.6682219436135248,1,5,3.4742929367327062,S,Third,man,True,Southampton,no,False
14,0,3,female,-1.126963653956902,0,0,2.180891922715322,S,Third,child,False,Southampton,no,True
15,1,2,female,1.817140726058598,0,0,2.833213344056216,S,Second,woman,False,Southampton,yes,True
16,0,3,male,-1.9886527407907069,4,1,3.405355391810819,Q,Third,child,False,Queenstown,no,False
17,1,2,male,0.07514339510224774,0,0,2.6390573296152584,S,Second,man,True,Southampton,yes,True
18,0,3,female,0.09376255239098828,1,0,2.9444389791664403,S,Third,woman,False,Southampton,no,False
19,1,3,female,-0.5704561187100696,0,0,2.1071782966514356,C,Third,woman,False,Cherbourg,yes,True
20,0,2,male,0.38099224800225656,0,0,3.295836866004329,S,Second,man,True,Southampton,no,True
21,1,2,male,0.3091848240994395,0,0,2.6390573296152584,S,Second,man,True,Southampton,yes,True
22,1,3,female,-1.0551562300540849,0,0,2.2004637699272855,Q,Third,child,False,Queenstown,yes,True
23,1,1,male,-0.12165971931746294,0,0,3.597312260588446,S,First,man,True,Southampton,yes,True
24,0,3,female,-1.5578081973738045,3,1,3.0944457464900235,S,Third,child,False,Southampton,no,False
25,1,3,female,0.5964145197107078,1,5,3.4777725458882283,S,Third,woman,False,Southampton,yes,False
26,0,3,male,-0.22882591345669478,0,0,2.1071782966514356,C,Third,man,True,Cherbourg,no,True
27,0,1,male,-0.7679265344428166,3,2,5.575949103146316,S,First,man,True,Southampton,no,False
28,1,3,female,-0.5704561187100696,0,0,2.1837114628556327,Q,Third,woman,False,Queenstown,yes,True
29,0,3,male,-0.22882591345669478,0,0,2.1855792552411137,S,Third,man,True,Southampton,no,True
30,0,1,male,0.740029367516342,0,0,3.357621598945279,C,First,man,True,Cherbourg,no,True
31,1,1,female,0.35311407166351566,1,0,4.993969182787072,C,First,woman,False,Cherbourg,yes,False
32,1,3,female,-0.5704561187100696,0,0,2.169053700369523,Q,Third,woman,False,Queenstown,yes,True
33,0,2,male,2.607022388989586,0,0,2.4423470353692043,S,Second,man,True,Southampton,no,True
34,0,1,male,-0.12165971931746294,1,0,4.420896324687287,C,First,man,True,Cherbourg,no,False
35,0,1,male,0.8836442153219761,1,0,3.970291913552122,S,First,man,True,Southampton,no,False
36,1,3,male,-0.22882591345669478,0,0,2.1076888046179385,C,Third,man,True,Cherbourg,yes,True
37,0,3,male,-0.6243116866371824,0,0,2.2027647577118348,S,Third,man,True,Southampton,no,True
38,0,3,female,-0.8397339583456337,2,0,2.9444389791664403,S,Third,woman,False,Southampton,no,False
39,1,3,female,-1.126963653956902,1,0,2.5048481563289,C,Third,child,False,Cherbourg,yes,False
40,0,3,female,0.740029367516342,1,0,2.348991465808201,S,Third,woman,False,Southampton,no,False
41,0,2,female,-0.19346714322028,1,0,3.091042453358316,S,Second,woman,False,Southampton,no,False
42,0,3,male,-0.22882591345669478,0,0,2.1855792552411137,C,Third,man,True,Cherbourg,no,True
43,1,2,female,-1.9168453168878898,1,2,3.7513658711253766,C,Second,child,False,Cherbourg,yes,False
44,1,3,female,-0.7679265344428166,0,0,2.1837114628556327,Q,Third,woman,False,Queenstown,yes,True
45,0,3,male,-0.22882591345669478,0,0,2.2027647577118348,S,Third,man,True,Southampton,no,True
46,0,3,male,-0.22882591345669478,1,0,2.803360380906535,Q,Third,man,True,Queenstown,no,False
48,0,3,male,-0.22882591345669478,2,0,3.1214482048688246,C,Third,man,True,Cherbourg,no,False
49,0,3,female,-0.8397339583456337,1,0,2.9338568698359038,S,Third,woman,False,Southampton,no,False
50,0,3,male,-1.6296156212766215,4,1,3.705920919968788,S,Third,child,False,Southampton,no,False
51,0,3,male,-0.6243116866371824,0,0,2.174751721484161,S,Third,man,True,Southampton,no,True
52,1,1,female,1.3862961826416955,1,0,4.353230991152628,C,First,woman,False,Cherbourg,yes,False
53,1,2,female,-0.049852295414645864,1,0,3.295836866004329,S,Second,woman,False,Southampton,yes,False
54,0,1,male,2.535214965086769,0,1,4.142804513146981,C,First,man,True,Cherbourg,no,False
55,1,1,male,0.8320424051549814,0,0,3.597312260588446,S,First,man,True,Southampton,yes,True
56,1,2,female,-0.6243116866371824,0,0,2.4423470353692043,S,Second,woman,False,Southampton,yes,True
57,0,3,male,-0.0857560073660544,0,0,2.1076888046179385,C,Third,man,True,Cherbourg,no,True
58,1,2,female,-1.7732304690822556,1,2,3.3586377672433594,S,Second,child,False,Southampton,yes,False
59,0,3,male,-1.3423859256653532,5,2,3.8691155044168695,S,Third,child,False,Southampton,no,False
60,0,3,male,-0.5525042627343654,0,0,2.1076888046179385,C,Third,man,True,Cherbourg,no,True
61,1,1,female,0.5964145197107078,0,0,4.394449154672439,S,First,woman,False,Southampton,yes,True
62,0,1,male,1.0990664870304272,1,0,4.436455632600354,S,First,man,True,Southampton,no,False
63,0,3,male,-1.8450378929850726,3,2,3.3638415951183864,S,Third,child,False,Southampton,no,False
64,0,1,male,0.8320424051549814,0,0,3.357621598945279,C,First,man,True,Cherbourg,no,True
65,1,3,male,-0.22882591345669478,1,1,2.7878344138303452,C,Third,man,True,Cherbourg,yes,False
66,1,2,female,-0.049852295414645864,0,0,2.4423470353692043,S,Second,woman,False,Southampton,yes,True
67,0,3,male,-0.7679265344428166,0,0,2.2146605719425225,S,Third,man,True,Southampton,no,True
68,1,3,female,-0.9115413822484507,4,2,2.188856327665703,S,Third,woman,False,Southampton,yes,False
69,0,3,male,-0.2652745671230971,2,0,2.2682524139135403,S,Third,man,True,Southampton,no,False
70,0,2,male,0.16556997629380535,0,0,2.4423470353692043,S,Second,man,True,Southampton,no,True
71,0,3,female,-0.9833488061512679,5,2,3.8691155044168695,S,Third,woman,False,Southampton,no,False
72,0,2,male,-0.6243116866371824,0,0,4.310799125385514,S,Second,man,True,Southampton,no,True
73,0,3,male,-0.2652745671230971,1,0,2.737880811060884,C,Third,man,True,Cherbourg,no,False
74,1,3,male,0.16556997629380535,0,0,4.05171190165724,S,Third,man,True,Southampton,yes,True
75,0,3,male,-0.33708199102591413,0,0,2.157559320943788,S,Third,man,True,Southampton,no,True
78,1,2,male,-2.072667426757003,0,2,3.4011973816621555,S,Second,child,False,Southampton,yes,False
79,1,3,female,0.021955128488171206,0,0,2.600836116795061,S,Third,woman,False,Southampton,yes,True
80,0,3,male,-0.5525042627343654,0,0,2.302585092994046,S,Third,man,True,Southampton,no,True
81,1,3,male,-0.049852295414645864,0,0,2.3513752571634776,S,Third,man,True,Southampton,yes,True
82,1,3,female,-0.5704561187100696,0,0,2.1733302571367834,Q,Third,woman,False,Queenstown,yes,True
83,0,1,male,-0.12165971931746294,0,0,3.8732821771117156,S,First,man,True,Southampton,no,True
84,1,2,female,-0.9115413822484507,0,0,2.4423470353692043,S,Second,woman,False,Southampton,yes,True
85,1,3,female,0.23737740019662243,3,0,2.8243506567983707,S,Third,woman,False,Southampton,yes,False
86,0,3,male,-0.9833488061512679,1,3,3.5660053559634015,S,Third,man,True,Southampton,no,False
88,1,1,female,-0.4806968388315483,3,2,5.575949103146316,S,First,woman,False,Southampton,yes,False
89,0,3,male,-0.4088894149287312,0,0,2.2027647577118348,S,Third,man,True,Southampton,no,True
90,0,3,male,-0.049852295414645864,0,0,2.2027647577118348,S,Third,man,True,Southampton,no,True
91,0,3,male,-0.6961191105399995,0,0,2.180891922715322,S,Third,man,True,Southampton,no,True
92,0,1,male,1.1708739109332444,1,0,4.1299529896894684,S,First,man,True,Southampton,no,False
93,0,3,male,-0.2652745671230971,1,2,3.0715352369694915,S,Third,man,True,Southampton,no,False
94,0,3,male,2.1043704216698664,0,0,2.1102132003465894,S,Third,man,True,Southampton,no,True
96,0,1,male,2.9660595085036716,0,0,3.57386695198272,C,First,man,True,Cherbourg,no,True
97,1,1,male,-0.4806968388315483,0,1,4.164465907853638,C,First,man,True,Cherbourg,yes,False
98,1,2,female,0.3091848240994395,0,1,3.1780538303479458,S,Second,woman,False,Southampton,yes,False
99,0,2,male,0.3091848240994395,1,0,3.295836866004329,S,Second,man,True,Southampton,no,False
100,0,3,female,-0.12165971931746294,0,0,2.1855792552411137,S,Third,woman,False,Southampton,no,True
102,0,1,male,-0.6243116866371824,0,1,4.360387947851531,S,First,man,True,Southampton,no,False
103,0,3,male,0.23737740019662243,0,0,2.267393053825037,S,Third,man,True,Southampton,no,True
104,0,3,male,0.5246070958078907,2,0,2.188856327665703,S,Third,man,True,Southampton,no,False
105,0,3,male,-0.12165971931746294,0,0,2.1855792552411137,S,Third,man,True,Southampton,no,True
106,1,3,female,-0.6243116866371824,0,0,2.157559320943788,S,Third,woman,False,Southampton,yes,True
107,1,3,male,-0.22882591345669478,0,0,2.1719067693519296,S,Third,man,True,Southampton,yes,True
108,0,3,male,0.5964145197107078,0,0,2.1855792552411137,S,Third,man,True,Southampton,no,True
109,1,3,female,-0.5704561187100696,1,0,3.224857896545748,Q,Third,woman,False,Queenstown,yes,False
110,0,1,male,1.2426813348360615,0,0,3.970291913552122,S,First,man,True,Southampton,no,True
111,0,3,female,-1.0910599420054934,1,0,2.737880811060884,C,Third,child,False,Cherbourg,no,False
112,0,3,male,-0.5525042627343654,0,0,2.2027647577118348,S,Third,man,True,Southampton,no,True
113,0,3,female,-0.6961191105399995,1,0,2.3818582738885534,S,Third,woman,False,Southampton,no,False
114,0,3,female,-0.9115413822484507,0,0,2.738146075922933,C,Third,woman,False,Cherbourg,no,True
115,0,3,male,-0.6243116866371824,0,0,2.188856327665703,S,Third,man,True,Southampton,no,True
116,0,3,male,2.930155796552263,0,0,2.169053700369523,Q,Third,man,True,Queenstown,no,True
117,0,2,male,-0.049852295414645864,1,0,3.091042453358316,S,Second,man,True,Southampton,no,False
118,0,1,male,-0.4088894149287312,0,1,5.515526544247129,C,First,man,True,Cherbourg,no,False
119,0,3,female,-1.9886527407907069,4,2,3.4742929367327062,S,Third,child,False,Southampton,no,False
120,0,2,male,-0.6243116866371824,2,0,4.310799125385514,S,Second,man,True,Southampton,no,False
122,0,2,male,0.2014736882452139,1,0,3.436268471383741,C,Second,man,True,Cherbourg,no,False
123,1,2,female,0.2014736882452139,0,0,2.6390573296152584,S,Second,woman,False,Southampton,yes,True
124,0,1,male,1.7453333021557809,0,1,4.360387947851531,S,First,man,True,Southampton,no,False
125,1,3,male,-1.2705785017625362,1,0,2.5048481563289,C,Third,child,False,Cherbourg,yes,False
126,0,3,male,-0.22882591345669478,0,0,2.169053700369523,Q,Third,man,True,Queenstown,no,True
127,1,3,male,-0.4088894149287312,0,0,2.0969990034181696,S,Third,man,True,Southampton,yes,True
128,1,3,female,-0.5704561187100696,1,1,3.1509523813392697,C,Third,woman,False,Cherbourg,yes,False
129,0,3,male,1.0990664870304272,0,0,2.076311648670908,S,Third,man,True,Southampton,no,True
130,0,3,male,0.23737740019662243,0,0,2.1855792552411137,C,Third,man,True,Cherbourg,no,True
131,0,3,male,-0.6961191105399995,0,0,2.0856720914304723,S,Third,man,True,Southampton,no,True
132,0,3,female,1.2426813348360615,1,0,2.740840023925201,S,Third,woman,False,Southampton,no,False
134,0,2,male,-0.33708199102591413,0,0,2.6390573296152584,S,Second,man,True,Southampton,no,True
135,0,2,male,-0.4806968388315483,0,0,2.775447133088262,C,Second,man,True,Cherbourg,no,True
136,1,1,female,-0.7679265344428166,0,2,3.3062747934011893,S,First,woman,False,Southampton,yes,False
137,0,1,male,0.5246070958078907,1,0,3.9908341858524357,S,First,man,True,Southampton,no,False
138,0,3,male,-0.9833488061512679,0,0,2.3240236363515288,S,Third,man,True,Southampton,no,True
139,0,1,male,-0.4088894149287312,0,0,4.384523514872469,C,First,man,True,Cherbourg,no,True
140,0,3,female,-0.5704561187100696,0,2,2.7878344138303452,C,Third,woman,False,Cherbourg,no,False
141,1,3,female,-0.5525042627343654,0,0,2.169053700369523,S,Third,woman,False,Southampton,yes,True
142,1,3,female,-0.4088894149287312,1,0,2.8243506567983707,S,Third,woman,False,Southampton,yes,False
143,0,3,male,-0.7679265344428166,0,0,2.0476928433652555,Q,Third,man,True,Queenstown,no,True
144,0,2,male,-0.8397339583456337,0,0,2.5257286443082556,S,Second,man,True,Southampton,no,True
145,0,2,male,-0.7679265344428166,1,1,3.6309854756950335,S,Second,man,True,Southampton,no,False
146,1,3,male,-0.19346714322028,0,0,2.174274334826008,S,Third,man,True,Southampton,yes,True
147,0,3,female,-1.4860007734709872,2,2,3.5660053559634015,S,Third,child,False,Southampton,no,False
148,0,2,male,0.48870338385648215,0,2,3.295836866004329,S,Second,man,True,Southampton,no,False
149,0,2,male,0.8836442153219761,0,0,2.6390573296152584,S,Second,man,True,Southampton,no,True
150,0,2,male,1.5299110304473298,0,0,2.6045398247325453,S,Second,man,True,Southampton,no,True
151,1,1,female,-0.5525042627343654,1,0,4.213607983048918,S,First,woman,False,Southampton,yes,False
152,0,3,male,1.8530444380100066,0,0,2.2027647577118348,S,Third,man,True,Southampton,no,True
153,0,3,male,0.7759330794677505,0,2,2.740840023925201,S,Third,man,True,Southampton,no,False
154,0,3,male,-0.22882591345669478,0,0,2.1177604059819726,S,Third,man,True,Southampton,no,True
155,0,1,male,1.5299110304473298,0,1,4.133231886474144,C,First,man,True,Cherbourg,no,False
156,1,3,female,-0.9833488061512679,0,0,2.167143305297764,Q,Third,woman,False,Queenstown,yes,True
157,0,3,male,0.021955128488171206,0,0,2.2027647577118348,S,Third,man,True,Southampton,no,True
158,0,3,male,-0.22882591345669478,0,0,2.2682524139135403,S,Third,man,True,Southampton,no,True
159,0,3,male,-0.22882591345669478,8,2,4.256321678298823,S,Third,man,True,Southampton,no,False
160,0,3,male,1.0272590631276102,0,1,2.8390784635086144,S,Third,man,True,Southampton,no,False
161,1,2,female,0.740029367516342,0,0,2.8183982582710754,S,Second,woman,False,Southampton,yes,True
162,0,3,male,-0.2652745671230971,0,0,2.1719067693519296,S,Third,man,True,Southampton,no,True
163,0,3,male,-0.9115413822484507,0,0,2.2682524139135403,S,Third,man,True,Southampton,no,True
164,0,3,male,-2.060460164693524,4,1,3.705920919968788,S,Third,child,False,Southampton,no,False
165,1,3,male,-1.4860007734709872,0,2,3.0692150503137943,S,Third,child,False,Southampton,yes,False
166,1,1,female,0.35311407166351566,0,1,4.02535169073515,S,First,woman,False,Southampton,yes,False
167,0,3,female,1.0990664870304272,1,4,3.3638415951183864,S,Third,woman,False,Southampton,no,False
168,0,1,male,0.8320424051549814,0,0,3.2930552230424524,S,First,man,True,Southampton,no,True
169,0,3,male,-0.12165971931746294,0,0,4.05171190165724,S,Third,man,True,Southampton,no,True
170,0,1,male,2.2479852694755005,0,0,3.5409593240373143,S,First,man,True,Southampton,no,True
171,0,3,male,-1.8450378929850726,4,1,3.405355391810819,Q,Third,child,False,Queenstown,no,False
172,1,3,female,-2.060460164693524,1,1,2.495953738718064,S,Third,child,False,Southampton,yes,False
174,0,1,male,1.8889481499614151,0,0,3.4561841799918147,C,First,man,True,Cherbourg,no,True
175,0,3,male,-0.8397339583456337,1,1,2.180891922715322,S,Third,man,True,Southampton,no,False
176,0,3,male,-0.22882591345669478,3,1,3.275887339030031,S,Third,man,True,Southampton,no,False
177,0,1,female,1.4581036065445128,0,0,3.391567832686312,C,First,woman,False,Cherbourg,no,True
178,0,2,male,0.021955128488171206,0,0,2.6390573296152584,S,Second,man,True,Southampton,no,True
179,0,3,male,0.45279967190507364,0,0,0.0,S,Third,man,True,Southampton,no,True
180,0,3,female,-0.5704561187100696,8,2,4.256321678298823,S,Third,woman,False,Southampton,no,False
181,0,2,male,0.07514339510224774,0,0,2.775708849576025,C,Second,man,True,Cherbourg,no,True
182,0,3,male,-1.4860007734709872,4,2,3.4777725458882283,S,Third,child,False,Southampton,no,False
183,1,2,male,-2.060460164693524,2,1,3.6888794541139363,S,Second,child,False,Southampton,yes,False
184,1,3,female,-1.8450378929850726,0,2,3.1365805821413706,S,Third,child,False,Southampton,yes,False
185,0,1,male,0.8320424051549814,0,0,3.9318256327243257,S,First,man,True,Southampton,no,True
186,1,3,female,-0.5704561187100696,1,0,2.803360380906535,Q,Third,woman,False,Queenstown,yes,False
187,1,1,male,1.0990664870304272,0,0,3.3160025355989236,S,First,man,True,Southampton,yes,True
188,0,3,male,0.740029367516342,1,1,2.803360380906535,Q,Third,man,True,Queenstown,no,False
189,0,3,male,0.45279967190507364,0,0,2.1855792552411137,S,Third,man,True,Southampton,no,True
190,1,2,female,0.16556997629380535,0,0,2.6390573296152584,S,Second,woman,False,Southampton,yes,True
191,0,2,male,-0.7679265344428166,0,0,2.6390573296152584,S,Second,man,True,Southampton,no,True
192,1,3,female,-0.7679265344428166,1,0,2.180891922715322,S,Third,woman,False,Southampton,yes,False
193,1,2,male,-1.9168453168878898,1,1,3.295836866004329,S,Second,child,False,Southampton,yes,False
194,1,1,female,1.0272590631276102,0,0,3.357621598945279,C,First,woman,False,Cherbourg,yes,True
195,1,1,female,2.0325629977670494,0,0,4.993969182787072,C,First,woman,False,Cherbourg,yes,True
197,0,3,male,0.8836442153219761,0,1,2.2411563979973974,S,Third,man,True,Southampton,no,False
199,0,2,female,-0.4088894149287312,0,0,2.6390573296152584,S,Second,woman,False,Southampton,no,True
200,0,3,male,-0.12165971931746294,0,0,2.3513752571634776,S,Third,man,True,Southampton,no,True
202,0,3,male,0.3091848240994395,0,0,2.0143428636837015,S,Third,man,True,Southampton,no,True
203,0,3,male,1.134970198981836,0,0,2.1071782966514356,C,Third,man,True,Cherbourg,no,True
204,1,3,male,-0.8397339583456337,0,0,2.2027647577118348,S,Third,man,True,Southampton,yes,True
205,0,3,female,-1.9886527407907069,0,1,2.4390808375825834,S,Third,child,False,Southampton,no,False
206,0,3,male,0.16556997629380535,1,0,2.8243506567983707,S,Third,man,True,Southampton,no,False
207,1,3,male,-0.2652745671230971,0,0,2.9850504252071306,C,Third,man,True,Cherbourg,yes,True
208,1,3,female,-0.9833488061512679,0,0,2.169053700369523,Q,Third,woman,False,Queenstown,yes,True
209,1,1,male,0.740029367516342,0,0,3.4657359027997265,C,First,man,True,Cherbourg,yes,True
210,0,3,male,-0.4088894149287312,0,0,2.0856720914304723,S,Third,man,True,Southampton,no,True
211,1,2,female,0.38099224800225656,0,0,3.091042453358316,S,Second,woman,False,Southampton,yes,True
212,0,3,male,-0.5525042627343654,0,0,2.1102132003465894,S,Third,man,True,Southampton,no,True
214,0,3,male,-0.22882591345669478,1,0,2.169053700369523,Q,Third,man,True,Queenstown,no,False
215,1,1,female,0.09376255239098828,1,0,4.738607824217808,C,First,woman,False,Cherbourg,yes,False
216,1,3,female,-0.19346714322028,0,0,2.188856327665703,S,Third,woman,False,Southampton,yes,True
217,0,2,male,0.8836442153219761,1,0,3.332204510175204,S,Second,man,True,Southampton,no,False
218,1,1,female,0.16556997629380535,0,0,4.347586575960343,C,First,woman,False,Cherbourg,yes,True
219,0,2,male,0.021955128488171206,0,0,2.4423470353692043,S,Second,man,True,Southampton,no,True
220,1,3,male,-0.9833488061512679,0,0,2.2027647577118348,S,Third,man,True,Southampton,yes,True
221,0,2,male,-0.19346714322028,0,0,2.6390573296152584,S,Second,man,True,Southampton,no,True
222,0,3,male,1.5299110304473298,0,0,2.2027647577118348,S,Third,man,True,Southampton,no,True
224,1,1,male,0.5964145197107078,1,0,4.51085950651685,S,First,man,True,Southampton,yes,False
225,0,3,male,-0.5525042627343654,0,0,2.336986519711378,S,Third,man,True,Southampton,no,True
226,1,2,male,-0.7679265344428166,0,0,2.4423470353692043,S,Second,man,True,Southampton,yes,True
227,0,3,male,-0.660215398588591,0,0,2.1102132003465894,S,Third,man,True,Southampton,no,True
228,0,2,male,-0.8397339583456337,0,0,2.6390573296152584,S,Second,man,True,Southampton,no,True
229,0,3,female,-0.5704561187100696,3,1,3.275887339030031,S,Third,woman,False,Southampton,no,False
230,1,1,female,0.38099224800225656,1,0,4.436455632600354,S,First,woman,False,Southampton,yes,False
231,0,3,male,-0.049852295414645864,0,0,2.1719067693519296,S,Third,man,True,Southampton,no,True
232,0,2,male,2.1043704216698664,0,0,2.6741486494265287,S,Second,man,True,Southampton,no,True
233,1,3,female,-1.7732304690822556,4,2,3.4777725458882283,S,Third,child,False,Southampton,yes,False
234,0,2,male,-0.4088894149287312,0,0,2.4423470353692043,S,Second,man,True,Southampton,no,True
235,0,3,female,-0.5704561187100696,0,0,2.145931282948669,S,Third,woman,False,Southampton,no,True
236,0,2,male,1.0272590631276102,1,0,3.295836866004329,S,Second,man,True,Southampton,no,False
237,1,2,female,-1.5578081973738045,0,2,3.305053521109253,S,Second,child,False,Southampton,yes,False
238,0,2,male,-0.7679265344428166,0,0,2.4423470353692043,S,Second,man,True,Southampton,no,True
239,0,2,male,0.23737740019662243,0,0,2.5858825671280026,S,Second,man,True,Southampton,no,True
240,0,3,female,-0.5704561187100696,1,0,2.737880811060884,C,Third,woman,False,Cherbourg,no,False
242,0,2,male,-0.049852295414645864,0,0,2.4423470353692043,S,Second,man,True,Southampton,no,True
243,0,3,male,-0.5525042627343654,0,0,2.094945728215801,S,Third,man,True,Southampton,no,True
244,0,3,male,0.021955128488171206,0,0,2.1071782966514356,C,Third,man,True,Cherbourg,no,True
245,0,1,male,1.0272590631276102,2,0,4.51085950651685,Q,First,man,True,Queenstown,no,False
246,0,3,female,-0.33708199102591413,0,0,2.1719067693519296,S,Third,woman,False,Southampton,no,True
247,1,2,female,-0.4088894149287312,0,2,2.740840023925201,S,Second,woman,False,Southampton,yes,False
248,1,1,male,0.5246070958078907,1,1,3.9806942251907276,S,First,man,True,Southampton,yes,False
249,0,2,male,1.7453333021557809,1,0,3.295836866004329,S,Second,man,True,Southampton,no,False
250,0,3,male,-0.22882591345669478,0,0,2.1102132003465894,S,Third,man,True,Southampton,no,True
251,0,3,female,-0.049852295414645864,1,1,2.4390808375825834,S,Third,woman,False,Southampton,no,False
252,0,1,male,2.319792693378318,0,0,3.3160025355989236,S,First,man,True,Southampton,no,True
253,0,3,male,0.021955128488171206,1,0,2.8390784635086144,S,Third,man,True,Southampton,no,False
254,0,3,female,0.811836791419159,0,2,3.0545906305603445,S,Third,woman,False,Southampton,no,False
255,1,3,female,-0.049852295414645864,0,2,2.7878344138303452,C,Third,woman,False,Cherbourg,yes,False
256,1,1,female,0.35311407166351566,0,0,4.384523514872469,C,First,woman,False,Cherbourg,yes,True
257,1,1,female,0.021955128488171206,0,0,4.471638793363569,S,First,woman,False,Southampton,yes,True
258,1,1,female,0.38099224800225656,0,0,6.240917354759096,C,First,woman,False,Cherbourg,yes,True
259,1,2,female,1.4581036065445128,0,1,3.295836866004329,S,Second,woman,False,Southampton,yes,False
261,1,3,male,-1.9168453168878898,4,2,3.4777725458882283,S,Third,child,False,Southampton,yes,False
262,0,1,male,1.6017184543501468,1,1,4.390118804571218,S,First,man,True,Southampton,no,False
263,0,1,male,0.740029367516342,0,0,0.0,S,First,man,True,Southampton,no,True
264,0,3,female,-0.5704561187100696,0,0,2.169053700369523,Q,Third,woman,False,Queenstown,no,True
265,0,2,male,0.45279967190507364,0,0,2.4423470353692043,S,Second,man,True,Southampton,no,True
266,0,3,male,-0.9833488061512679,4,1,3.705920919968788,S,Third,man,True,Southampton,no,False
267,1,3,male,-0.33708199102591413,1,0,2.1719067693519296,S,Third,man,True,Southampton,yes,False
268,1,1,female,2.0325629977670494,0,1,5.039951348430309,S,First,woman,False,Southampton,yes,False
269,1,1,female,0.38099224800225656,0,0,4.91730069488021,S,First,woman,False,Southampton,yes,True
270,0,1,male,0.8320424051549814,0,0,3.4657359027997265,S,First,man,True,Southampton,no,True
271,1,3,male,-0.33708199102591413,0,0,0.0,S,Third,man,True,Southampton,yes,True
272,1,2,female,0.811836791419159,0,1,3.0204248861443626,S,Second,woman,False,Southampton,yes,False
273,0,1,male,0.5246070958078907,0,1,3.4242626545931514,C,First,man,True,Cherbourg,no,False
275,1,1,female,2.391600117281135,1,0,4.368919865004903,S,First,woman,False,Southampton,yes,False
276,0,3,female,1.0990664870304272,0,0,2.169053700369523,S,Third,woman,False,Southampton,no,True
277,0,2,male,0.07514339510224774,0,0,0.0,S,Second,man,True,Southampton,no,True
278,0,3,male,-1.6296156212766215,4,1,3.405355391810819,Q,Third,child,False,Queenstown,no,False
279,1,3,female,0.38099224800225656,1,1,3.056356895370426,S,Third,woman,False,Southampton,yes,False
280,0,3,male,2.535214965086769,0,0,2.169053700369523,Q,Third,man,True,Queenstown,no,True
281,0,3,male,-0.12165971931746294,0,0,2.180891922715322,S,Third,man,True,Southampton,no,True
282,0,3,male,-0.9833488061512679,0,0,2.3513752571634776,S,Third,man,True,Southampton,no,True
283,1,3,male,-0.7679265344428166,0,0,2.2027647577118348,S,Third,man,True,Southampton,yes,True
284,0,1,male,0.8320424051549814,0,0,3.295836866004329,S,First,man,True,Southampton,no,True
285,0,3,male,0.23737740019662243,0,0,2.2682524139135403,C,Third,man,True,Cherbourg,no,True
286,1,3,male,0.021955128488171206,0,0,2.3513752571634776,S,Third,man,True,Southampton,yes,True
287,0,3,male,-0.5525042627343654,0,0,2.1855792552411137,S,Third,man,True,Southampton,no,True
288,1,2,male,0.8836442153219761,0,0,2.6390573296152584,S,Second,man,True,Southampton,yes,True
289,1,3,female,-0.5525042627343654,0,0,2.169053700369523,Q,Third,woman,False,Queenstown,yes,True
290,1,1,female,-0.2652745671230971,0,0,4.380149874661021,S,First,woman,False,Southampton,yes,True
291,1,1,female,-0.7679265344428166,1,0,4.5226490762785785,C,First,woman,False,Cherbourg,yes,False
292,0,2,male,0.45279967190507364,0,0,2.630088659632498,C,Second,man,True,Cherbourg,no,True
293,0,3,female,-0.4088894149287312,0,0,2.2874714551839976,S,Third,woman,False,Southampton,no,True
294,0,3,male,-0.4088894149287312,0,0,2.1855792552411137,S,Third,man,True,Southampton,no,True
296,0,3,male,-0.4447931268801398,0,0,2.1076888046179385,C,Third,man,True,Cherbourg,no,True
297,0,1,female,-1.9886527407907069,1,2,5.027492411162679,S,First,child,False,Southampton,no,False
298,1,1,male,0.8320424051549814,0,0,3.449987545831587,S,First,man,True,Southampton,yes,True
299,1,1,female,1.4581036065445128,0,1,5.515526544247129,C,First,woman,False,Cherbourg,yes,False
301,1,3,male,-0.22882591345669478,2,0,3.188416617383492,Q,Third,man,True,Queenstown,yes,False
302,0,3,male,-0.7679265344428166,0,0,0.0,S,Third,man,True,Southampton,no,True
303,1,2,female,-0.06974489257691283,0,0,2.5915163848462583,Q,Second,woman,False,Queenstown,yes,True
305,1,1,male,-2.0662047586057493,1,2,5.027492411162679,S,First,child,False,Southampton,yes,False
306,1,1,female,0.35311407166351566,0,0,4.717456363787216,C,First,woman,False,Cherbourg,yes,True
307,1,1,female,-0.9115413822484507,1,0,4.699570861409576,C,First,woman,False,Cherbourg,yes,False
308,0,2,male,0.021955128488171206,1,0,3.2188758248682006,C,Second,man,True,Cherbourg,no,False
309,1,1,female,0.021955128488171206,0,0,4.0592215752427645,C,First,woman,False,Cherbourg,yes,True
310,1,1,female,-0.4088894149287312,0,0,4.432699549165613,C,First,woman,False,Cherbourg,yes,True
311,1,1,female,-0.8397339583456337,2,2,5.5735788721243535,C,First,woman,False,Cherbourg,yes,False
312,0,2,female,-0.2652745671230971,1,1,3.295836866004329,S,Second,woman,False,Southampton,no,False
314,0,2,male,0.9554516392247931,1,1,3.305053521109253,S,Second,man,True,Southampton,no,False
315,1,3,female,-0.2652745671230971,0,0,2.180891922715322,S,Third,woman,False,Southampton,yes,True
316,1,2,female,-0.4088894149287312,1,0,3.295836866004329,S,Second,woman,False,Southampton,yes,False
317,0,2,male,1.7453333021557809,0,0,2.70805020110221,S,Second,man,True,Southampton,no,True
318,1,1,female,0.09376255239098828,0,2,5.11118445372147,S,First,woman,False,Southampton,yes,False
319,1,1,female,0.740029367516342,1,1,4.908971640319756,C,First,woman,False,Cherbourg,yes,False
321,0,3,male,-0.19346714322028,0,0,2.1855792552411137,S,Third,man,True,Southampton,no,True
322,1,2,female,0.021955128488171206,0,0,2.5915163848462583,Q,Second,woman,False,Queenstown,yes,True
323,1,2,female,-0.5525042627343654,1,1,3.4011973816621555,S,Second,woman,False,Southampton,yes,False
325,1,1,female,0.45279967190507364,0,0,4.91730069488021,C,First,woman,False,Cherbourg,yes,True
326,0,3,male,2.2479852694755005,0,0,1.9792758428991135,S,Third,man,True,Southampton,no,True
327,1,2,female,0.45279967190507364,0,0,2.6390573296152584,S,Second,woman,False,Southampton,yes,True
328,1,3,female,0.09376255239098828,1,1,3.0692150503137943,S,Third,woman,False,Southampton,yes,False
329,1,1,female,-0.9833488061512679,0,1,4.077184839375167,C,First,woman,False,Cherbourg,yes,False
330,1,3,female,-0.5704561187100696,2,0,3.188416617383492,Q,Third,woman,False,Queenstown,yes,False
331,0,1,male,1.134970198981836,0,0,3.3843902633457743,S,First,man,True,Southampton,no,True
332,0,1,male,0.5964145197107078,0,1,5.039951348430309,S,First,man,True,Southampton,no,False
333,0,3,male,-0.9833488061512679,2,0,2.9444389791664403,S,Third,man,True,Southampton,no,False
334,1,1,female,0.35311407166351566,1,0,4.902678819257608,S,First,woman,False,Southampton,yes,False
336,0,1,male,-0.049852295414645864,1,0,4.213607983048918,S,First,man,True,Southampton,no,False
337,1,1,female,0.811836791419159,0,0,4.908971640319756,C,First,woman,False,Cherbourg,yes,True
338,1,3,male,1.0990664870304272,0,0,2.2027647577118348,S,Third,man,True,Southampton,yes,True
339,0,1,male,1.0990664870304272,0,0,3.597312260588446,S,First,man,True,Southampton,no,True
340,1,2,male,-1.9886527407907069,1,1,3.295836866004329,S,Second,child,False,Southampton,yes,False
341,1,1,female,-0.4088894149287312,3,2,5.575949103146316,S,First,woman,False,Southampton,yes,False
342,0,2,male,-0.12165971931746294,0,0,2.6390573296152584,S,Second,man,True,Southampton,no,True
344,0,2,male,0.45279967190507364,0,0,2.6390573296152584,S,Second,man,True,Southampton,no,True
345,1,2,female,-0.4088894149287312,0,0,2.6390573296152584,S,Second,woman,False,Southampton,yes,True
346,1,2,female,0.740029367516342,0,0,2.6390573296152584,S,Second,woman,False,Southampton,yes,True
347,1,3,female,-0.5704561187100696,1,0,2.8390784635086144,S,Third,woman,False,Southampton,yes,False
348,1,3,male,-1.9168453168878898,1,1,2.8273136219290276,S,Third,child,False,Southampton,yes,False
349,0,3,male,0.8836442153219761,0,0,2.2682524139135403,S,Third,man,True,Southampton,no,True
350,0,3,male,-0.4806968388315483,0,0,2.3248357019288655,S,Third,man,True,Southampton,no,True
351,0,1,male,0.8320424051549814,0,0,3.58351893845611,S,First,man,True,Southampton,no,True
352,0,3,male,-1.0551562300540849,1,1,2.1076888046179385,C,Third,child,False,Cherbourg,no,False
353,0,3,male,-0.33708199102591413,1,0,2.9338568698359038,S,Third,man,True,Southampton,no,False
356,1,1,female,-0.5525042627343654,0,1,4.02535169073515,S,First,woman,False,Southampton,yes,False
357,0,2,female,0.5964145197107078,0,0,2.6390573296152584,S,Second,woman,False,Southampton,no,True
360,0,3,male,0.740029367516342,1,4,3.3638415951183864,S,Third,man,True,Southampton,no,False
361,0,2,male,-0.049852295414645864,1,0,3.357621598945279,C,Second,man,True,Cherbourg,no,False
362,0,3,female,1.0990664870304272,0,1,2.737880811060884,C,Third,woman,False,Cherbourg,no,False
363,0,3,male,0.38099224800225656,0,0,2.0856720914304723,S,Third,man,True,Southampton,no,True
365,0,3,male,0.021955128488171206,0,0,2.1102132003465894,S,Third,man,True,Southampton,no,True
366,1,1,female,2.1761778455726835,1,0,4.334017415487521,C,First,woman,False,Cherbourg,yes,False
367,1,3,female,-0.5704561187100696,0,0,2.1076888046179385,C,Third,woman,False,Cherbourg,yes,True
369,1,1,female,-0.4088894149287312,0,0,4.252771798816619,C,First,woman,False,Cherbourg,yes,True
370,1,1,male,-0.33708199102591413,1,0,4.0332082470129285,C,First,man,True,Cherbourg,yes,False
371,0,3,male,-0.8397339583456337,1,0,2.0143428636837015,S,Third,man,True,Southampton,no,False
372,0,3,male,-0.7679265344428166,0,0,2.2027647577118348,S,Third,man,True,Southampton,no,True
373,0,1,male,-0.5525042627343654,0,0,4.91730069488021,C,First,man,True,Cherbourg,no,True
374,0,3,female,-1.9168453168878898,3,1,3.0944457464900235,S,Third,child,False,Southampton,no,False
375,1,1,female,0.35311407166351566,1,0,4.420896324687287,C,First,woman,False,Cherbourg,yes,False
376,1,3,female,-0.5525042627343654,0,0,2.1102132003465894,S,Third,woman,False,Southampton,yes,True
377,0,1,male,-0.19346714322028,0,2,5.358941988364472,C,First,man,True,Cherbourg,no,False
378,0,3,male,-0.6961191105399995,0,0,1.6119347926326877,C,Third,man,True,Cherbourg,no,True
379,0,3,male,-0.7679265344428166,0,0,2.1719067693519296,S,Third,man,True,Southampton,no,True
380,1,1,female,0.8836442153219761,0,0,5.4316456135398825,C,First,woman,False,Cherbourg,yes,True
381,1,3,female,-2.060460164693524,0,2,2.817902613071225,C,Third,child,False,Cherbourg,yes,False
382,0,3,male,0.16556997629380535,0,0,2.188856327665703,S,Third,man,True,Southampton,no,True
383,1,1,female,0.38099224800225656,1,0,3.970291913552122,S,First,woman,False,Southampton,yes,False
385,0,2,male,-0.8397339583456337,0,0,4.310799125385514,S,Second,man,True,Southampton,no,True
386,0,3,male,-2.060460164693524,5,2,3.8691155044168695,S,Third,child,False,Southampton,no,False
388,0,3,male,-0.22882591345669478,0,0,2.1666737276227077,Q,Third,man,True,Queenstown,no,True
389,1,2,female,-0.9115413822484507,0,0,2.5649493574615367,C,Second,woman,False,Cherbourg,yes,True
390,1,1,male,0.45279967190507364,1,2,4.795790545596741,S,First,man,True,Southampton,yes,False
391,1,3,male,-0.6243116866371824,0,0,2.174274334826008,S,Third,man,True,Southampton,yes,True
392,0,3,male,-0.12165971931746294,2,0,2.188856327665703,S,Third,man,True,Southampton,no,False
393,1,1,female,-0.4806968388315483,1,0,4.738607824217808,C,First,woman,False,Cherbourg,yes,False
394,1,3,female,-0.4088894149287312,0,2,2.8735646395797834,S,Third,woman,False,Southampton,yes,False
395,0,3,male,-0.5525042627343654,0,0,2.174274334826008,S,Third,man,True,Southampton,no,True
396,0,3,female,0.09376255239098828,0,0,2.180891922715322,S,Third,woman,False,Southampton,no,True
397,0,2,male,1.1708739109332444,0,0,3.295836866004329,S,Second,man,True,Southampton,no,True
398,0,2,male,-0.4806968388315483,0,0,2.4423470353692043,S,Second,man,True,Southampton,no,True
399,1,2,female,-0.12165971931746294,0,0,2.613739521630969,S,Second,woman,False,Southampton,yes,True
400,1,3,male,0.6682219436135248,0,0,2.188856327665703,S,Third,man,True,Southampton,yes,True
401,0,3,male,-0.2652745671230971,0,0,2.2027647577118348,S,Third,man,True,Southampton,no,True
402,0,3,female,-0.6243116866371824,1,0,2.3818582738885534,S,Third,woman,False,Southampton,no,False
403,0,3,male,-0.12165971931746294,1,0,2.8243506567983707,S,Third,man,True,Southampton,no,False
404,0,3,female,-0.6961191105399995,0,0,2.2682524139135403,S,Third,woman,False,Southampton,no,True
405,0,2,male,0.3091848240994395,1,0,3.091042453358316,S,Second,man,True,Southampton,no,False
406,0,3,male,1.5299110304473298,0,0,2.169053700369523,S,Third,man,True,Southampton,no,True
407,1,2,male,-1.9168453168878898,1,1,2.9831534913471307,S,Second,child,False,Southampton,yes,False
408,0,3,male,-0.6243116866371824,0,0,2.1719067693519296,S,Third,man,True,Southampton,no,True
411,0,3,male,-0.22882591345669478,0,0,2.061570298060867,Q,Third,man,True,Queenstown,no,True
412,1,1,female,0.23737740019662243,1,0,4.51085950651685,Q,First,woman,False,Queenstown,yes,False
414,1,3,male,1.0272590631276102,0,0,2.188856327665703,S,Third,man,True,Southampton,yes,True
415,0,3,female,-0.5704561187100696,0,0,2.2027647577118348,S,Third,woman,False,Southampton,no,True
416,1,2,female,0.3091848240994395,1,1,3.5115454388310208,S,Second,woman,False,Southampton,yes,False
417,1,2,female,-0.8397339583456337,0,2,2.6390573296152584,S,Second,woman,False,Southampton,yes,False
419,0,3,female,-1.4141933495681702,0,2,3.224857896545748,S,Third,child,False,Southampton,no,False
421,0,3,male,-0.6243116866371824,0,0,2.167143305297764,Q,Third,man,True,Queenstown,no,True
422,0,3,male,-0.049852295414645864,0,0,2.1832383353614797,S,Third,man,True,Southampton,no,True
423,0,3,female,-0.12165971931746294,1,1,2.7343675094195836,S,Third,woman,False,Southampton,no,False
424,0,3,male,-0.8397339583456337,1,1,3.0545906305603445,S,Third,man,True,Southampton,no,False
426,1,2,female,-0.12165971931746294,1,0,3.295836866004329,S,Second,woman,False,Southampton,yes,False
427,1,2,female,-0.7679265344428166,0,0,3.295836866004329,S,Second,woman,False,Southampton,yes,True
429,1,3,male,0.16556997629380535,0,0,2.2027647577118348,S,Third,man,True,Southampton,yes,True
430,1,1,male,-0.12165971931746294,0,0,3.3160025355989236,S,First,man,True,Southampton,yes,True
432,1,2,female,0.8836442153219761,1,0,3.295836866004329,S,Second,woman,False,Southampton,yes,False
433,0,3,male,-0.9115413822484507,0,0,2.094945728215801,S,Third,man,True,Southampton,no,True
434,0,1,male,1.4581036065445128,1,0,4.041295341132285,S,First,man,True,Southampton,no,False
435,1,1,female,-1.126963653956902,1,2,4.795790545596741,S,First,child,False,Southampton,yes,False
436,0,3,female,-0.6243116866371824,2,2,3.5660053559634015,S,Third,woman,False,Southampton,no,False
437,1,2,female,-0.4088894149287312,2,3,2.9831534913471307,S,Second,woman,False,Southampton,yes,False
438,0,1,male,2.463407541183952,1,4,5.575949103146316,S,First,man,True,Southampton,no,False
439,0,2,male,0.09376255239098828,0,0,2.4423470353692043,S,Second,man,True,Southampton,no,True
440,1,2,female,1.0990664870304272,1,1,3.305053521109253,S,Second,woman,False,Southampton,yes,False
441,0,3,male,-0.6961191105399995,0,0,2.3513752571634776,S,Third,man,True,Southampton,no,True
442,0,3,male,-0.33708199102591413,1,0,2.1719067693519296,S,Third,man,True,Southampton,no,False
443,1,2,female,-0.12165971931746294,0,0,2.6390573296152584,S,Second,woman,False,Southampton,yes,True
444,1,3,male,-0.22882591345669478,0,0,2.2096470973347766,S,Third,man,True,Southampton,yes,True
445,1,1,male,-1.8450378929850726,0,2,4.417131919904876,S,First,child,False,Southampton,yes,False
446,1,2,female,-1.198771077859719,0,1,3.0204248861443626,S,Second,child,False,Southampton,yes,False
447,1,1,male,0.3091848240994395,0,0,3.3160025355989236,S,First,man,True,Southampton,yes,True
448,1,3,female,-1.7732304690822556,2,1,3.0085645861193133,C,Third,child,False,Cherbourg,yes,False
449,1,1,male,1.6017184543501468,0,0,3.449987545831587,S,First,man,True,Southampton,yes,True
450,0,2,male,0.45279967190507364,1,2,3.3586377672433594,S,Second,man,True,Southampton,no,False
451,0,3,male,-0.22882591345669478,1,0,3.0429354648621407,S,Third,man,True,Southampton,no,False
452,0,1,male,0.021955128488171206,0,0,3.3586377672433594,C,First,man,True,Cherbourg,no,True
453,1,1,male,1.3862961826416955,1,0,4.500966778400217,C,First,man,True,Cherbourg,yes,False
455,1,3,male,-0.049852295414645864,0,0,2.1855792552411137,C,Third,man,True,Cherbourg,yes,True
456,0,1,male,2.535214965086769,0,0,3.3160025355989236,S,First,man,True,Southampton,no,True
457,1,1,female,0.35311407166351566,1,0,3.967694202798607,S,First,woman,False,Southampton,yes,False
458,1,2,female,1.4581036065445128,0,0,2.4423470353692043,S,Second,woman,False,Southampton,yes,True
460,1,1,male,1.3144887587388785,0,0,3.3160025355989236,S,First,man,True,Southampton,yes,True
461,0,3,male,0.3091848240994395,0,0,2.2027647577118348,S,Third,man,True,Southampton,no,True
462,0,1,male,1.2426813348360615,0,0,3.676300671907076,S,First,man,True,Southampton,no,True
463,0,2,male,1.3144887587388785,0,0,2.6390573296152584,S,Second,man,True,Southampton,no,True
465,0,3,male,0.5964145197107078,0,0,2.0856720914304723,S,Third,man,True,Southampton,no,True
467,0,1,male,1.8889481499614151,0,0,3.3160025355989236,S,First,man,True,Southampton,no,True
468,0,3,male,-0.22882591345669478,0,0,2.1661924680884908,Q,Third,man,True,Queenstown,no,True
469,1,3,female,-2.0784120206692283,2,1,3.0085645861193133,C,Third,child,False,Cherbourg,yes,False
471,0,3,male,0.5964145197107078,0,0,2.2682524139135403,S,Third,man,True,Southampton,no,True
472,1,2,female,0.23737740019662243,1,2,3.3586377672433594,S,Second,woman,False,Southampton,yes,False
473,1,2,female,-0.4806968388315483,0,0,2.694066212646058,C,Second,woman,False,Cherbourg,yes,True
474,0,3,female,-0.5525042627343654,0,0,2.3830123421066602,S,Third,woman,False,Southampton,no,True
475,0,1,male,0.8320424051549814,0,0,3.970291913552122,S,First,man,True,Southampton,no,True
477,0,3,male,-0.049852295414645864,1,0,2.0851502161468174,S,Third,man,True,Southampton,no,False
478,0,3,male,-0.5525042627343654,0,0,2.142510233146819,S,Third,man,True,Southampton,no,True
479,1,3,female,-1.9886527407907069,0,1,2.586823743668066,S,Third,child,False,Southampton,yes,False
480,0,3,male,-1.4860007734709872,5,2,3.8691155044168695,S,Third,child,False,Southampton,no,False
482,0,3,male,1.4581036065445128,0,0,2.2027647577118348,S,Third,man,True,Southampton,no,True
483,1,3,female,2.391600117281135,0,0,2.3596740599781727,S,Third,woman,False,Southampton,yes,True
484,1,1,male,-0.33708199102591413,1,0,4.5226490762785785,C,First,man,True,Cherbourg,yes,False
486,1,1,female,0.38099224800225656,1,0,4.51085950651685,S,First,woman,False,Southampton,yes,False
487,0,1,male,2.0325629977670494,0,0,3.4242626545931514,C,First,man,True,Cherbourg,no,True
489,1,3,male,-1.4860007734709872,1,1,2.8273136219290276,S,Third,child,False,Southampton,yes,False
491,0,3,male,-0.6243116866371824,0,0,2.1102132003465894,S,Third,man,True,Southampton,no,True
492,0,1,male,1.817140726058598,0,0,3.449987545831587,S,First,man,True,Southampton,no,True
493,0,1,male,2.9660595085036716,0,0,3.922056501139853,C,First,man,True,Cherbourg,no,True
495,0,3,male,-0.22882591345669478,0,0,2.738146075922933,C,Third,man,True,Cherbourg,no,True
496,1,1,female,1.7453333021557809,1,0,4.37281811610993,C,First,woman,False,Cherbourg,yes,False
497,0,3,male,-0.22882591345669478,0,0,2.7788192719904172,S,Third,man,True,Southampton,no,True
498,0,1,female,-0.33708199102591413,1,2,5.027492411162679,S,First,woman,False,Southampton,no,False
499,0,3,male,-0.4088894149287312,0,0,2.174274334826008,S,Third,man,True,Southampton,no,True
501,0,3,female,-0.6243116866371824,0,0,2.169053700369523,Q,Third,woman,False,Queenstown,no,True
502,0,3,female,-0.5704561187100696,0,0,2.155151800914312,Q,Third,woman,False,Queenstown,no,True
503,0,3,female,0.5246070958078907,0,0,2.3596740599781727,S,Third,woman,False,Southampton,no,True
504,1,1,female,-0.9833488061512679,0,0,4.471638793363569,S,First,woman,False,Southampton,yes,True
505,0,1,male,-0.8397339583456337,1,0,4.699570861409576,C,First,man,True,Cherbourg,no,False
506,1,2,female,0.23737740019662243,0,2,3.295836866004329,S,Second,woman,False,Southampton,yes,False
507,1,1,male,0.8320424051549814,0,0,3.3160025355989236,S,First,man,True,Southampton,yes,True
508,0,3,male,-0.12165971931746294,0,0,3.1580636854714434,S,Third,man,True,Southampton,no,True
509,1,3,male,-0.2652745671230971,0,0,4.05171190165724,S,Third,man,True,Southampton,yes,True
510,1,3,male,-0.049852295414645864,0,0,2.169053700369523,Q,Third,man,True,Queenstown,yes,True
512,1,1,male,0.45279967190507364,0,0,3.3064287218760624,S,First,man,True,Southampton,yes,True
513,1,1,female,1.7453333021557809,1,0,4.100989104940769,C,First,woman,False,Cherbourg,yes,False
514,0,3,male,-0.4088894149287312,0,0,2.139571923732859,S,Third,man,True,Southampton,no,True
515,0,1,male,1.2426813348360615,0,0,3.5559421706858756,S,First,man,True,Southampton,no,True
516,1,2,female,0.3091848240994395,0,0,2.4423470353692043,S,Second,woman,False,Southampton,yes,True
517,0,3,male,-0.22882591345669478,0,0,3.224857896545748,Q,Third,man,True,Queenstown,no,True
518,1,2,female,0.45279967190507364,1,0,3.295836866004329,S,Second,woman,False,Southampton,yes,False
519,0,3,male,0.16556997629380535,0,0,2.1855792552411137,S,Third,man,True,Southampton,no,True
520,1,1,female,0.021955128488171206,0,0,4.548599834499697,S,First,woman,False,Southampton,yes,True
523,1,1,female,1.0272590631276102,0,1,4.077184839375167,C,First,woman,False,Cherbourg,yes,False
524,0,3,male,-0.22882591345669478,0,0,2.1076888046179385,C,Third,man,True,Cherbourg,no,True
525,0,3,male,0.7759330794677505,0,0,2.169053700369523,Q,Third,man,True,Queenstown,no,True
527,0,1,male,0.8320424051549814,0,0,5.406181146423973,S,First,man,True,Southampton,no,True
528,0,3,male,0.6682219436135248,0,0,2.188856327665703,S,Third,man,True,Southampton,no,True
529,0,2,male,-0.4806968388315483,2,1,2.5257286443082556,S,Second,man,True,Southampton,no,False
530,1,2,female,-1.9886527407907069,1,1,3.295836866004329,S,Second,child,False,Southampton,yes,False
532,0,3,male,-0.9115413822484507,1,1,2.1076888046179385,C,Third,man,True,Cherbourg,no,False
533,1,3,female,-0.5704561187100696,0,2,3.1509523813392697,C,Third,woman,False,Cherbourg,yes,False
534,0,3,female,0.021955128488171206,0,0,2.2682524139135403,S,Third,woman,False,Southampton,no,True
535,1,2,female,-1.6296156212766215,0,2,3.305053521109253,S,Second,child,False,Southampton,yes,False
536,0,1,male,1.0990664870304272,0,0,3.3160025355989236,S,First,man,True,Southampton,no,True
537,1,1,female,0.021955128488171206,0,0,4.676792929661059,C,First,woman,False,Cherbourg,yes,True
538,0,3,male,-0.22882591345669478,0,0,2.740840023925201,S,Third,man,True,Southampton,no,True
539,1,1,female,-0.5525042627343654,0,2,3.9219733362813143,C,First,woman,False,Cherbourg,yes,False
540,1,1,female,0.45279967190507364,0,2,4.276666119016055,S,First,woman,False,Southampton,yes,False
541,0,3,female,-1.4860007734709872,4,2,3.4742929367327062,S,Third,child,False,Southampton,no,False
542,0,3,female,-1.3423859256653532,4,2,3.4742929367327062,S,Third,child,False,Southampton,no,False
543,1,2,male,0.16556997629380535,1,0,3.295836866004329,S,Second,man,True,Southampton,yes,False
544,0,1,male,1.4581036065445128,1,0,4.676792929661059,C,First,man,True,Cherbourg,no,False
545,0,1,male,2.463407541183952,0,0,3.295836866004329,S,First,man,True,Southampton,no,True
546,1,2,female,-0.7679265344428166,1,0,3.295836866004329,S,Second,woman,False,Southampton,yes,False
547,1,2,male,0.07514339510224774,0,0,2.6988412620169004,C,Second,man,True,Cherbourg,yes,True
548,0,3,male,0.23737740019662243,1,1,3.0692150503137943,S,Third,man,True,Southampton,no,False
549,1,2,male,-1.5578081973738045,1,1,3.6309854756950335,S,Second,child,False,Southampton,yes,False
550,1,1,male,-0.9115413822484507,0,2,4.717456363787216,C,First,man,True,Cherbourg,yes,False
551,0,2,male,-0.19346714322028,0,0,3.295836866004329,S,Second,man,True,Southampton,no,True
552,0,3,male,-0.22882591345669478,0,0,2.17806441028492,Q,Third,man,True,Queenstown,no,True
553,1,3,male,-0.5525042627343654,0,0,2.1071782966514356,C,Third,man,True,Cherbourg,yes,True
554,1,3,female,-0.5525042627343654,0,0,2.1719067693519296,S,Third,woman,False,Southampton,yes,True
556,1,1,female,1.3144887587388785,1,0,3.703768066607687,C,First,woman,False,Cherbourg,yes,False
557,0,1,male,0.8320424051549814,0,0,5.4316456135398825,C,First,man,True,Cherbourg,no,True
558,1,1,female,0.6682219436135248,1,1,4.390118804571218,S,First,woman,False,Southampton,yes,False
559,1,3,female,0.45279967190507364,1,0,2.91235066461494,S,Third,woman,False,Southampton,yes,False
561,0,3,male,0.740029367516342,0,0,2.1855792552411137,S,Third,man,True,Southampton,no,True
562,0,2,male,-0.12165971931746294,0,0,2.6741486494265287,S,Second,man,True,Southampton,no,True
565,0,3,male,-0.4088894149287312,2,0,3.224857896545748,S,Third,man,True,Southampton,no,False
566,0,3,male,-0.7679265344428166,0,0,2.1855792552411137,S,Third,man,True,Southampton,no,True
567,0,3,female,-0.049852295414645864,0,4,3.0944457464900235,S,Third,woman,False,Southampton,no,False
569,1,3,male,0.16556997629380535,0,0,2.180891922715322,S,Third,man,True,Southampton,yes,True
570,1,2,male,2.319792693378318,0,0,2.4423470353692043,S,Second,man,True,Southampton,yes,True
571,1,1,female,1.6735258782529638,2,0,3.960416900617205,S,First,woman,False,Southampton,yes,False
572,1,1,male,0.45279967190507364,0,0,3.3100867049215847,S,First,man,True,Southampton,yes,True
574,0,3,male,-0.9833488061512679,0,0,2.2027647577118348,S,Third,man,True,Southampton,no,True
575,0,3,male,-0.7679265344428166,0,0,2.740840023925201,S,Third,man,True,Southampton,no,True
576,1,2,female,0.3091848240994395,0,0,2.6390573296152584,S,Second,woman,False,Southampton,yes,True
577,1,1,female,0.6682219436135248,1,0,4.041295341132285,S,First,woman,False,Southampton,yes,False
578,0,3,female,-0.5704561187100696,1,0,2.738146075922933,C,Third,woman,False,Cherbourg,no,False
579,1,3,male,0.16556997629380535,0,0,2.188856327665703,S,Third,man,True,Southampton,yes,True
580,1,2,female,-0.33708199102591413,1,1,3.4339872044851463,S,Second,woman,False,Southampton,yes,False
581,1,1,female,0.6682219436135248,1,1,4.717456363787216,C,First,woman,False,Cherbourg,yes,False
582,0,2,male,1.7453333021557809,0,0,3.295836866004329,S,Second,man,True,Southampton,no,True
583,0,1,male,0.45279967190507364,0,0,3.716616209085536,C,First,man,True,Cherbourg,no,True
584,0,3,male,-0.22882591345669478,0,0,2.2734137156937657,C,Third,man,True,Cherbourg,no,True
585,1,1,female,-0.8397339583456337,0,2,4.390118804571218,S,First,woman,False,Southampton,yes,False
586,0,2,male,1.2426813348360615,0,0,2.772588722239781,S,Second,man,True,Southampton,no,True
587,1,1,male,2.1761778455726835,1,1,4.384523514872469,C,First,man,True,Cherbourg,yes,False
590,0,3,male,0.38099224800225656,0,0,2.094945728215801,S,Third,man,True,Southampton,no,True
591,1,1,female,1.6017184543501468,1,0,4.37281811610993,C,First,woman,False,Cherbourg,yes,False
592,0,3,male,1.2426813348360615,0,0,2.1102132003465894,S,Third,man,True,Southampton,no,True
593,0,3,female,-0.5704561187100696,0,2,2.169053700369523,Q,Third,woman,False,Queenstown,no,False
594,0,2,male,0.5246070958078907,1,0,3.295836866004329,S,Second,man,True,Southampton,no,False
595,0,3,male,0.45279967190507364,1,1,3.224857896545748,S,Third,man,True,Southampton,no,False
596,1,2,female,-0.06974489257691283,0,0,3.5263605246161616,S,Second,woman,False,Southampton,yes,True
597,0,3,male,1.3862961826416955,0,0,0.0,S,Third,man,True,Southampton,no,True
599,1,1,male,1.3862961826416955,1,0,4.0592215752427645,C,First,man,True,Cherbourg,yes,False
600,1,2,female,-0.4088894149287312,2,1,3.332204510175204,S,Second,woman,False,Southampton,yes,False
602,0,1,male,0.8320424051549814,0,0,3.770459441106359,S,First,man,True,Southampton,no,True
603,0,3,male,1.0272590631276102,0,0,2.2027647577118348,S,Third,man,True,Southampton,no,True
604,1,1,male,0.38099224800225656,0,0,3.3160025355989236,C,First,man,True,Cherbourg,yes,True
605,0,3,male,0.45279967190507364,1,0,2.806386101823072,S,Third,man,True,Southampton,no,False
606,0,3,male,0.021955128488171206,0,0,2.1855792552411137,S,Third,man,True,Southampton,no,True
607,1,1,male,-0.19346714322028,0,0,3.449987545831587,S,First,man,True,Southampton,yes,True
608,1,2,female,-0.5525042627343654,1,2,3.7513658711253766,C,Second,woman,False,Cherbourg,yes,False
609,1,1,female,0.740029367516342,0,0,5.039951348430309,S,First,woman,False,Southampton,yes,True
610,0,3,female,0.6682219436135248,1,5,3.4742929367327062,S,Third,woman,False,Southampton,no,False
611,0,3,male,-0.22882591345669478,0,0,2.0856720914304723,S,Third,man,True,Southampton,no,True
615,1,2,female,-0.4088894149287312,1,2,4.189654742026425,S,Second,woman,False,Southampton,yes,False
616,0,3,male,0.3091848240994395,1,1,2.7343675094195836,S,Third,man,True,Southampton,no,False
617,0,3,female,-0.2652745671230971,1,0,2.8390784635086144,S,Third,woman,False,Southampton,no,False
618,1,2,female,-1.8450378929850726,2,1,3.6888794541139363,S,Second,child,False,Southampton,yes,False
619,0,2,male,-0.2652745671230971,0,0,2.4423470353692043,S,Second,man,True,Southampton,no,True
620,0,3,male,-0.19346714322028,1,0,2.737880811060884,C,Third,man,True,Cherbourg,no,False
621,1,1,male,0.8836442153219761,1,0,3.9806942251907276,S,First,man,True,Southampton,yes,False
622,1,3,male,-0.6961191105399995,1,1,2.817902613071225,C,Third,man,True,Cherbourg,yes,False
623,0,3,male,-0.6243116866371824,0,0,2.180891922715322,S,Third,man,True,Southampton,no,True
624,0,3,male,-0.6243116866371824,0,0,2.8390784635086144,S,Third,man,True,Southampton,no,True
625,0,1,male,2.2479852694755005,0,0,3.5061818266142577,S,First,man,True,Southampton,no,True
626,0,2,male,1.9607555738642322,0,0,2.5915163848462583,Q,Second,man,True,Queenstown,no,True
627,1,1,female,-0.6243116866371824,0,0,4.368919865004903,S,First,woman,False,Southampton,yes,True
628,0,3,male,-0.2652745671230971,0,0,2.1855792552411137,S,Third,man,True,Southampton,no,True
629,0,3,male,-0.22882591345669478,0,0,2.167143305297764,Q,Third,man,True,Queenstown,no,True
630,1,1,male,3.6123263236290253,0,0,3.4339872044851463,S,First,man,True,Southampton,yes,True
631,0,3,male,1.5299110304473298,0,0,2.086193694502369,S,Third,man,True,Southampton,no,True
632,1,1,male,0.16556997629380535,0,0,3.449987545831587,C,First,man,True,Cherbourg,yes,True
633,0,1,male,0.8320424051549814,0,0,0.0,S,First,man,True,Southampton,no,True
634,0,3,female,-1.4860007734709872,3,2,3.3638415951183864,S,Third,child,False,Southampton,no,False
637,0,2,male,0.09376255239098828,1,1,3.305053521109253,S,Second,man,True,Southampton,no,False
638,0,3,female,0.811836791419159,0,5,3.705920919968788,S,Third,woman,False,Southampton,no,False
639,0,3,male,-0.22882591345669478,1,0,2.8390784635086144,S,Third,man,True,Southampton,no,False
642,0,3,female,-1.9886527407907069,3,2,3.3638415951183864,S,Third,child,False,Southampton,no,False
643,1,3,male,-0.22882591345669478,0,0,4.05171190165724,S,Third,man,True,Southampton,yes,True
645,1,1,male,1.3144887587388785,1,0,4.353230991152628,C,First,man,True,Cherbourg,yes,False
647,1,1,male,1.8889481499614151,0,0,3.597312260588446,C,First,man,True,Cherbourg,yes,True
648,0,3,male,-0.22882591345669478,0,0,2.145931282948669,S,Third,man,True,Southampton,no,True
649,1,3,female,-0.4806968388315483,0,0,2.145931282948669,S,Third,woman,False,Southampton,yes,True
651,1,2,female,-0.8397339583456337,0,1,3.1780538303479458,S,Second,woman,False,Southampton,yes,False
652,0,3,male,-0.6243116866371824,0,0,2.2442459824059346,S,Third,man,True,Southampton,no,True
653,1,3,female,-0.5704561187100696,0,0,2.17806441028492,Q,Third,woman,False,Queenstown,yes,True
654,0,3,female,-0.8397339583456337,0,0,2.0476928433652555,Q,Third,woman,False,Queenstown,no,True
655,0,2,male,-0.4088894149287312,2,0,4.310799125385514,S,Second,man,True,Southampton,no,False
657,0,3,female,0.16556997629380535,1,1,2.803360380906535,Q,Third,woman,False,Queenstown,no,False
658,0,2,male,-0.4806968388315483,0,0,2.6390573296152584,S,Second,man,True,Southampton,no,True
659,0,1,male,2.0325629977670494,0,2,4.738607824217808,C,First,man,True,Cherbourg,no,False
660,1,1,male,1.4581036065445128,2,0,4.902678819257608,S,First,man,True,Southampton,yes,False
661,0,3,male,0.740029367516342,0,0,2.1071782966514356,C,Third,man,True,Cherbourg,no,True
662,0,1,male,1.2426813348360615,0,0,3.2804411805263554,S,First,man,True,Southampton,no,True
663,0,3,male,0.45279967190507364,0,0,2.139571923732859,S,Third,man,True,Southampton,no,True
664,1,3,male,-0.6961191105399995,1,0,2.188856327665703,S,Third,man,True,Southampton,yes,False
665,0,2,male,0.16556997629380535,2,0,4.310799125385514,S,Second,man,True,Southampton,no,False
667,0,3,male,-0.22882591345669478,0,0,2.1719067693519296,S,Third,man,True,Southampton,no,True
668,0,3,male,0.9554516392247931,0,0,2.2027647577118348,S,Third,man,True,Southampton,no,True
669,1,1,female,0.35311407166351566,1,0,3.970291913552122,S,First,woman,False,Southampton,yes,False
670,1,2,female,0.740029367516342,1,1,3.6888794541139363,S,Second,woman,False,Southampton,yes,False
671,0,1,male,0.09376255239098828,1,0,3.970291913552122,S,First,man,True,Southampton,no,False
672,0,2,male,2.894252084600854,0,0,2.4423470353692043,S,Second,man,True,Southampton,no,True
673,1,2,male,0.09376255239098828,0,0,2.6390573296152584,S,Second,man,True,Southampton,yes,True
675,0,3,male,-0.8397339583456337,0,0,2.1719067693519296,S,Third,man,True,Southampton,no,True
676,0,3,male,-0.3729857029773227,0,0,2.2027647577118348,S,Third,man,True,Southampton,no,True
677,1,3,female,-0.8397339583456337,0,0,2.3833998102837652,S,Third,woman,False,Southampton,yes,True
678,0,3,female,0.9554516392247931,1,6,3.8691155044168695,S,Third,woman,False,Southampton,no,False
679,1,1,male,0.45279967190507364,0,1,6.240917354759096,C,First,man,True,Cherbourg,yes,False
680,0,3,female,-0.5704561187100696,0,0,2.212386825075897,Q,Third,woman,False,Queenstown,no,True
681,1,1,male,-0.19346714322028,0,0,4.353230991152628,C,First,man,True,Cherbourg,yes,True
682,0,3,male,-0.6961191105399995,0,0,2.3248357019288655,S,Third,man,True,Southampton,no,True
683,0,3,male,-1.126963653956902,5,2,3.8691155044168695,S,Third,child,False,Southampton,no,False
684,0,2,male,2.1761778455726835,1,1,3.6888794541139363,S,Second,man,True,Southampton,no,False
685,0,2,male,-0.33708199102591413,1,2,3.7513658711253766,C,Second,man,True,Cherbourg,no,False
686,0,3,male,-1.126963653956902,4,1,3.705920919968788,S,Third,child,False,Southampton,no,False
687,0,3,male,-0.7679265344428166,0,0,2.4133032309283076,S,Third,man,True,Southampton,no,True
688,0,3,male,-0.8397339583456337,0,0,2.174274334826008,S,Third,man,True,Southampton,no,True
689,1,1,female,-1.0551562300540849,0,1,5.35817698994543,S,First,child,False,Southampton,yes,False
690,1,1,male,0.09376255239098828,1,0,4.060443010546419,S,First,man,True,Southampton,yes,False
691,1,3,female,-1.8450378929850726,0,1,2.668387256845834,C,Third,child,False,Cherbourg,yes,False
693,0,3,male,-0.33708199102591413,0,0,2.1071782966514356,C,Third,man,True,Cherbourg,no,True
694,0,1,male,2.1761778455726835,0,0,3.3160025355989236,S,First,man,True,Southampton,no,True
695,0,2,male,1.6017184543501468,0,0,2.6741486494265287,S,Second,man,True,Southampton,no,True
697,1,3,female,-0.5704561187100696,0,0,2.167143305297764,Q,Third,woman,False,Queenstown,yes,True
698,0,1,male,1.3862961826416955,1,1,4.717456363787216,C,First,man,True,Cherbourg,no,False
699,0,3,male,0.8836442153219761,0,0,2.157559320943788,S,Third,man,True,Southampton,no,True
700,1,1,female,-0.8397339583456337,1,0,5.4316456135398825,C,First,woman,False,Cherbourg,yes,False
701,1,1,male,0.38099224800225656,0,0,3.3064287218760624,S,First,man,True,Southampton,yes,True
702,0,3,female,-0.8397339583456337,0,1,2.737880811060884,C,Third,woman,False,Cherbourg,no,False
703,0,3,male,-0.33708199102591413,0,0,2.1681046787623672,Q,Third,man,True,Queenstown,no,True
704,0,3,male,-0.2652745671230971,1,0,2.180891922715322,S,Third,man,True,Southampton,no,False
705,0,2,male,0.6682219436135248,0,0,3.295836866004329,S,Second,man,True,Southampton,no,True
706,1,2,female,1.0990664870304272,0,0,2.6741486494265287,S,Second,woman,False,Southampton,yes,True
707,1,1,male,0.8836442153219761,0,0,3.3064287218760624,S,First,man,True,Southampton,yes,True
708,1,1,female,-0.5525042627343654,0,0,5.027492411162679,S,First,woman,False,Southampton,yes,True
710,1,1,female,-0.4088894149287312,0,0,3.922056501139853,C,First,woman,False,Cherbourg,yes,True
711,0,1,male,0.8320424051549814,0,0,3.3160025355989236,S,First,man,True,Southampton,no,True
712,1,1,male,1.3144887587388785,1,0,3.970291913552122,S,First,man,True,Southampton,yes,False
713,0,3,male,-0.049852295414645864,0,0,2.3497835148230464,S,Third,man,True,Southampton,no,True
714,0,2,male,1.6017184543501468,0,0,2.6390573296152584,S,Second,man,True,Southampton,no,True
715,0,3,male,-0.7679265344428166,0,0,2.157559320943788,S,Third,man,True,Southampton,no,True
716,1,1,female,0.5964145197107078,0,0,5.4316456135398825,C,First,woman,False,Cherbourg,yes,True
717,1,2,female,-0.19346714322028,0,0,2.4423470353692043,S,Second,woman,False,Southampton,yes,True
718,0,3,male,-0.22882591345669478,0,0,2.803360380906535,Q,Third,man,True,Queenstown,no,True
719,0,3,male,0.23737740019662243,0,0,2.1719067693519296,S,Third,man,True,Southampton,no,True
720,1,2,female,-1.7014230451794385,0,1,3.5263605246161616,S,Second,child,False,Southampton,yes,False
721,0,3,male,-0.9115413822484507,1,0,2.086193694502369,S,Third,man,True,Southampton,no,False
722,0,2,male,0.3091848240994395,0,0,2.6390573296152584,S,Second,man,True,Southampton,no,True
723,0,2,male,1.4581036065445128,0,0,2.6390573296152584,S,Second,man,True,Southampton,no,True
724,1,1,male,-0.19346714322028,1,0,3.9908341858524357,S,First,man,True,Southampton,yes,False
725,0,3,male,-0.6961191105399995,0,0,2.2682524139135403,S,Third,man,True,Southampton,no,True
726,1,2,female,0.021955128488171206,3,0,3.091042453358316,S,Second,woman,False,Southampton,yes,False
727,1,3,female,-0.5704561187100696,0,0,2.1676241075599285,Q,Third,woman,False,Queenstown,yes,True
728,0,2,male,-0.33708199102591413,1,0,3.295836866004329,S,Second,man,True,Southampton,no,False
729,0,3,female,-0.33708199102591413,1,0,2.188856327665703,S,Third,woman,False,Southampton,no,False
730,1,1,female,-0.049852295414645864,0,0,5.35817698994543,S,First,woman,False,Southampton,yes,True
731,0,3,male,-1.3423859256653532,0,0,2.9850504252071306,C,Third,child,False,Cherbourg,no,True
735,0,3,male,-0.0857560073660544,0,0,2.8390784635086144,S,Third,man,True,Southampton,no,True
736,0,3,female,1.3144887587388785,1,3,3.5660053559634015,S,Third,woman,False,Southampton,no,False
737,1,1,male,0.38099224800225656,0,0,6.240917354759096,C,First,man,True,Cherbourg,yes,True
740,1,1,male,0.8320424051549814,0,0,3.4339872044851463,S,First,man,True,Southampton,yes,True
741,0,1,male,0.45279967190507364,1,0,4.380149874661021,S,First,man,True,Southampton,no,False
742,1,1,female,-0.6243116866371824,2,2,5.5735788721243535,C,First,woman,False,Cherbourg,yes,False
743,0,3,male,-0.4088894149287312,1,0,2.8390784635086144,S,Third,man,True,Southampton,no,False
744,1,3,male,0.09376255239098828,0,0,2.188856327665703,S,Third,man,True,Southampton,yes,True
745,0,1,male,2.894252084600854,1,1,4.276666119016055,S,First,man,True,Southampton,no,False
746,0,3,male,-0.9833488061512679,1,1,3.056356895370426,S,Third,man,True,Southampton,no,False
747,1,2,female,0.021955128488171206,0,0,2.6390573296152584,S,Second,woman,False,Southampton,yes,True
748,0,1,male,-0.7679265344428166,1,0,3.9908341858524357,S,First,man,True,Southampton,no,False
749,0,3,male,0.09376255239098828,0,0,2.169053700369523,Q,Third,man,True,Queenstown,no,True
750,1,2,female,-1.8450378929850726,1,1,3.1780538303479458,S,Second,child,False,Southampton,yes,False
751,1,3,male,-1.7014230451794385,0,1,2.600836116795061,S,Third,child,False,Southampton,yes,False
752,0,3,male,0.23737740019662243,0,0,2.3513752571634776,S,Third,man,True,Southampton,no,True
753,0,3,male,-0.4806968388315483,0,0,2.1855792552411137,S,Third,man,True,Southampton,no,True
754,1,2,female,1.3144887587388785,1,2,4.189654742026425,S,Second,woman,False,Southampton,yes,False
755,1,2,male,-2.0841566145814534,1,1,2.740840023925201,S,Second,child,False,Southampton,yes,False
756,0,3,male,-0.12165971931746294,0,0,2.174274334826008,S,Third,man,True,Southampton,no,True
759,1,1,female,0.23737740019662243,0,0,4.471638793363569,S,First,woman,False,Southampton,yes,True
761,0,3,male,0.811836791419159,0,0,2.094945728215801,S,Third,man,True,Southampton,no,True
762,1,3,male,-0.6961191105399995,0,0,2.1076888046179385,C,Third,man,True,Cherbourg,yes,True
763,1,1,female,0.45279967190507364,1,2,4.795790545596741,S,First,woman,False,Southampton,yes,False
764,0,3,male,-0.9833488061512679,0,0,2.1719067693519296,S,Third,man,True,Southampton,no,True
765,1,1,female,1.5299110304473298,1,0,4.368919865004903,S,First,woman,False,Southampton,yes,False
766,0,1,male,0.8320424051549814,0,0,3.703768066607687,C,First,man,True,Cherbourg,no,True
767,0,3,female,0.05785884043957974,0,0,2.169053700369523,Q,Third,woman,False,Queenstown,no,True
768,0,3,male,-0.22882591345669478,1,0,3.224857896545748,Q,Third,man,True,Queenstown,no,False
769,0,3,male,0.16556997629380535,0,0,2.236712348843338,S,Third,man,True,Southampton,no,True
770,0,3,male,-0.4088894149287312,0,0,2.3513752571634776,S,Third,man,True,Southampton,no,True
771,0,3,male,1.3144887587388785,0,0,2.180891922715322,S,Third,man,True,Southampton,no,True
772,0,2,female,1.9607555738642322,0,0,2.4423470353692043,S,Second,woman,False,Southampton,no,True
774,1,2,female,1.7453333021557809,1,3,3.1780538303479458,S,Second,woman,False,Southampton,yes,False
775,0,3,male,-0.8397339583456337,0,0,2.169053700369523,S,Third,man,True,Southampton,no,True
777,1,3,female,-1.7732304690822556,0,0,2.600836116795061,S,Third,child,False,Southampton,yes,True
778,0,3,male,-0.22882591345669478,0,0,2.1676241075599285,Q,Third,man,True,Queenstown,no,True
779,1,1,female,0.9554516392247931,0,1,5.35817698994543,S,First,woman,False,Southampton,yes,False
780,1,3,female,-1.198771077859719,0,0,2.1076888046179385,C,Third,child,False,Cherbourg,yes,True
781,1,1,female,-0.9115413822484507,1,0,4.060443010546419,S,First,woman,False,Southampton,yes,False
782,0,1,male,-0.049852295414645864,0,0,3.4339872044851463,S,First,man,True,Southampton,no,True
783,0,3,male,-0.22882591345669478,1,2,3.196630215920881,S,Third,man,True,Southampton,no,False
784,0,3,male,-0.33708199102591413,0,0,2.0856720914304723,S,Third,man,True,Southampton,no,True
785,0,3,male,-0.33708199102591413,0,0,2.1102132003465894,S,Third,man,True,Southampton,no,True
786,1,3,female,-0.8397339583456337,0,0,2.139571923732859,S,Third,woman,False,Southampton,yes,True
787,0,3,male,-1.5578081973738045,4,1,3.405355391810819,Q,Third,child,False,Queenstown,no,False
788,1,3,male,-2.060460164693524,1,2,3.0715352369694915,S,Third,child,False,Southampton,yes,False
789,0,1,male,1.1708739109332444,0,0,4.384523514872469,C,First,man,True,Cherbourg,no,True
791,0,2,male,-0.9833488061512679,0,0,3.295836866004329,S,Second,man,True,Southampton,no,True
793,0,1,male,0.8320424051549814,0,0,3.4561841799918147,C,First,man,True,Cherbourg,no,True
794,0,3,male,-0.33708199102591413,0,0,2.1855792552411137,S,Third,man,True,Southampton,no,True
795,0,2,male,0.6682219436135248,0,0,2.6390573296152584,S,Second,man,True,Southampton,no,True
796,1,1,female,1.3862961826416955,0,0,3.2932111997353943,S,First,woman,False,Southampton,yes,True
797,1,3,female,0.09376255239098828,0,0,2.270402752283094,S,Third,woman,False,Southampton,yes,True
798,0,3,male,0.021955128488171206,0,0,2.1076888046179385,C,Third,man,True,Cherbourg,no,True
799,0,3,female,0.021955128488171206,1,1,3.224857896545748,S,Third,woman,False,Southampton,no,False
801,1,2,female,0.09376255239098828,1,1,3.305053521109253,S,Second,woman,False,Southampton,yes,False
802,1,1,male,-1.3423859256653532,1,2,4.795790545596741,S,First,child,False,Southampton,yes,False
803,1,3,male,-2.1021084705571575,0,1,2.2530481500547457,C,Third,child,False,Cherbourg,yes,False
804,1,3,male,-0.19346714322028,0,0,2.076311648670908,S,Third,man,True,Southampton,yes,True
805,0,3,male,0.09376255239098828,0,0,2.1719067693519296,S,Third,man,True,Southampton,no,True
806,0,1,male,0.6682219436135248,0,0,0.0,S,First,man,True,Southampton,no,True
807,0,3,female,-0.8397339583456337,0,0,2.1719067693519296,S,Third,woman,False,Southampton,no,True
809,1,1,female,0.23737740019662243,1,0,3.9908341858524357,S,First,woman,False,Southampton,yes,False
810,0,3,male,-0.2652745671230971,0,0,2.184645795129359,S,Third,man,True,Southampton,no,True
811,0,3,male,0.6682219436135248,0,0,3.224857896545748,S,Third,man,True,Southampton,no,True
812,0,2,male,0.38099224800225656,0,0,2.4423470353692043,S,Second,man,True,Southampton,no,True
813,0,3,female,-1.7014230451794385,4,2,3.4742929367327062,S,Third,child,False,Southampton,no,False
814,0,3,male,0.05785884043957974,0,0,2.2027647577118348,S,Third,man,True,Southampton,no,True
816,0,3,female,-0.4806968388315483,0,0,2.188856327665703,S,Third,woman,False,Southampton,no,True
817,0,2,male,0.09376255239098828,1,1,3.637696679934592,C,Second,man,True,Cherbourg,no,False
818,0,3,male,0.9554516392247931,0,0,2.0082140323914683,S,Third,man,True,Southampton,no,True
819,0,3,male,-1.4141933495681702,3,2,3.3638415951183864,S,Third,child,False,Southampton,no,False
820,1,1,female,1.6017184543501468,1,1,4.548599834499697,S,First,woman,False,Southampton,yes,False
821,1,3,male,-0.19346714322028,0,0,2.2682524139135403,S,Third,man,True,Southampton,yes,True
822,0,1,male,0.5964145197107078,0,0,0.0,S,First,man,True,Southampton,no,True
823,1,3,female,-0.19346714322028,0,1,2.600836116795061,S,Third,woman,False,Southampton,yes,False
824,0,3,male,-1.9886527407907069,4,1,3.705920919968788,S,Third,child,False,Southampton,no,False
825,0,3,male,-0.22882591345669478,0,0,2.0731719286662407,Q,Third,man,True,Queenstown,no,True
826,0,3,male,-0.22882591345669478,0,0,4.05171190165724,S,Third,man,True,Southampton,no,True
827,1,2,male,-2.060460164693524,0,2,3.637696679934592,C,Second,child,False,Cherbourg,yes,False
828,1,3,male,-0.22882591345669478,0,0,2.169053700369523,Q,Third,man,True,Queenstown,yes,True
829,1,1,female,2.319792693378318,0,0,4.394449154672439,S,First,woman,False,Southampton,yes,True
830,1,3,female,-1.0551562300540849,1,0,2.737880811060884,C,Third,child,False,Cherbourg,yes,False
831,1,2,male,-2.072667426757003,1,1,2.9831534913471307,S,Second,child,False,Southampton,yes,False
833,0,3,male,-0.4806968388315483,0,0,2.180891922715322,S,Third,man,True,Southampton,no,True
834,0,3,male,-0.8397339583456337,0,0,2.2300144001592104,S,Third,man,True,Southampton,no,True
835,1,1,female,0.6682219436135248,1,1,4.432699549165613,C,First,woman,False,Cherbourg,yes,False
836,0,3,male,-0.6243116866371824,0,0,2.2682524139135403,S,Third,man,True,Southampton,no,True
839,1,1,male,0.8320424051549814,0,0,3.4242626545931514,C,First,man,True,Cherbourg,yes,True
840,0,3,male,-0.6961191105399995,0,0,2.188856327665703,S,Third,man,True,Southampton,no,True
841,0,2,male,-0.9833488061512679,0,0,2.4423470353692043,S,Second,man,True,Southampton,no,True
842,1,1,female,0.021955128488171206,0,0,3.4657359027997265,C,First,woman,False,Cherbourg,yes,True
843,0,3,male,0.34508853605084805,0,0,2.006534770871748,C,Third,man,True,Cherbourg,no,True
845,0,3,male,0.8836442153219761,0,0,2.145931282948669,S,Third,man,True,Southampton,no,True
847,0,3,male,0.38099224800225656,0,0,2.1855792552411137,C,Third,man,True,Cherbourg,no,True
848,0,2,male,-0.12165971931746294,0,1,3.5263605246161616,S,Second,man,True,Southampton,no,False
849,1,1,female,0.35311407166351566,1,0,4.500966778400217,C,First,woman,False,Cherbourg,yes,False
850,0,3,male,-1.8450378929850726,4,2,3.4742929367327062,S,Third,child,False,Southampton,no,False
851,0,3,male,3.1814817802121227,0,0,2.1719067693519296,S,Third,man,True,Southampton,no,True
852,0,3,female,-1.4860007734709872,1,1,2.7878344138303452,C,Third,child,False,Cherbourg,no,False
853,1,1,female,-0.9833488061512679,0,1,3.6988297849671046,S,First,woman,False,Southampton,yes,False
854,0,2,female,1.0272590631276102,1,0,3.295836866004329,S,Second,woman,False,Southampton,no,False
855,1,3,female,-0.8397339583456337,0,1,2.336986519711378,S,Third,woman,False,Southampton,yes,False
856,1,1,female,1.0990664870304272,1,1,5.11118445372147,S,First,woman,False,Southampton,yes,False
857,1,1,male,1.5299110304473298,0,0,3.3160025355989236,S,First,man,True,Southampton,yes,True
858,1,3,female,-0.4088894149287312,0,3,3.0085645861193133,C,Third,woman,False,Cherbourg,yes,False
860,0,3,male,0.811836791419159,2,0,2.7152442616824506,S,Third,man,True,Southampton,no,False
861,0,2,male,-0.6243116866371824,1,0,2.5257286443082556,S,Second,man,True,Southampton,no,False
862,1,1,female,1.3144887587388785,0,0,3.2932111997353943,S,First,woman,False,Southampton,yes,True
864,0,2,male,-0.4088894149287312,0,0,2.6390573296152584,S,Second,man,True,Southampton,no,True
865,1,2,female,0.8836442153219761,0,0,2.6390573296152584,S,Second,woman,False,Southampton,yes,True
866,1,2,female,-0.19346714322028,1,0,2.698558631668595,C,Second,woman,False,Cherbourg,yes,False
867,0,1,male,0.09376255239098828,0,0,3.941500250945973,S,First,man,True,Southampton,no,True
868,0,3,male,-0.22882591345669478,0,0,2.3513752571634776,S,Third,man,True,Southampton,no,True
869,1,3,male,-1.8450378929850726,1,1,2.495953738718064,S,Third,child,False,Southampton,yes,False
871,1,1,female,1.2426813348360615,1,1,3.9806942251907276,S,First,woman,False,Southampton,yes,False
872,0,1,male,0.23737740019662243,0,0,1.791759469228055,S,First,man,True,Southampton,no,True
873,0,3,male,1.2426813348360615,0,0,2.302585092994046,S,Third,man,True,Southampton,no,True
874,1,2,female,-0.12165971931746294,1,0,3.2188758248682006,C,Second,woman,False,Cherbourg,yes,False
875,1,3,female,-1.0551562300540849,0,0,2.1071782966514356,C,Third,child,False,Cherbourg,yes,True
876,0,3,male,-0.6961191105399995,0,0,2.3837779082709782,S,Third,man,True,Southampton,no,True
879,1,1,female,1.8889481499614151,0,1,4.432699549165613,C,First,woman,False,Cherbourg,yes,False
880,1,2,female,-0.33708199102591413,0,1,3.295836866004329,S,Second,woman,False,Southampton,yes,False
881,0,3,male,0.23737740019662243,0,0,2.1855792552411137,S,Third,man,True,Southampton,no,True
882,0,3,female,-0.5525042627343654,0,0,2.4437981558973862,S,Third,woman,False,Southampton,no,True
883,0,2,male,-0.12165971931746294,0,0,2.4423470353692043,S,Second,man,True,Southampton,no,True
885,0,3,female,0.6682219436135248,0,5,3.405355391810819,Q,Third,woman,False,Queenstown,no,False
887,1,1,female,-0.7679265344428166,0,0,3.4339872044851463,S,First,woman,False,Southampton,yes,True
888,0,3,female,-0.5704561187100696,1,2,3.196630215920881,S,Third,woman,False,Southampton,no,False
889,1,1,male,-0.2652745671230971,0,0,3.4339872044851463,C,First,man,True,Cherbourg,yes,True
890,0,3,male,0.16556997629380535,0,0,2.169053700369523,Q,Third,man,True,Queenstown,no,True
